examples.complexTests.TestClass_ComplexTests(int),examples.complexTests.ComplexTests.testForConstructorAndMethod()
examples.chainedCalls.Calculator.sum(float),examples.chainedCalls.ChainedCalls.testChainedMethods()
examples.methodCalledByTestedInvokeds.MethodCalledByTestedInvoked_Class.A(),examples.methodCalledByTestedInvokeds.MethodCalledByTestedInvoked_Test.T()
examples.methodCalledByTestedInvokeds.MethodCalledByTestedInvoked_Class(boolean),examples.methodCalledByTestedInvokeds.MethodCalledByTestedInvoked_Test.T(),examples.methodCalledByTestedInvokeds.MethodCalledByTestedInvoked_Test.T2()
examples.builderPattern.Person$PersonBuilder.age(int),examples.builderPattern.BuilderPatternTest.testBuilderPattern()
examples.complexTests.TestClass_ComplexTests.staticFactorial(int),examples.complexTests.ComplexTests.moreOneConstructorAndStaticMethod()
examples.controlFlow.TestClass_ControlFlow.inlineIfElse(int),examples.controlFlow.ControlFlowTest.inlineIfElse()
examples.invokedMethodsByTestedInvokers.InvokedMethodsByTestedInvoker_Class.A(),examples.invokedMethodsByTestedInvokers.InvokedMethodsByTestedInvoker_Test.T()
examples.chainedCalls.Calculator.ans(),examples.chainedCalls.ChainedCalls.testChainedMethods()
examples.overloadedMethod.OverloadClass.overloadedMethod(int),examples.overloadedMethod.OverloadTest.testOverloadedMethod2()
examples.controlFlow.TestClass_ControlFlow.inlineWhile(int),examples.controlFlow.ControlFlowTest.inlineWhile()
examples.chainedCalls.Calculator.div(float),examples.chainedCalls.ChainedCalls.testChainedMethods()
examples.chainedCalls.Calculator(),examples.chainedCalls.ChainedCalls.testChainedMethods()
examples.polymorphism.ClassInterface(String),examples.polymorphism.PolymorphismTest.testParam(),examples.polymorphism.PolymorphismTest.testInterface()
examples.others.auxClasses.AuxClass.threePaths(int),examples.others.AssertFailTest.assertFailAtTheEndTest(),examples.others.AssertFailTest.assertFailInTheMiddleTest()
examples.others.auxClasses.AuxClass(int),examples.junit5.ParameterizedTestAnnotation.test1(),examples.others.AssertFailTest.assertFailAtTheEndTest(),examples.others.AssertFailTest.assertFailInTheMiddleTest()
examples.builderPattern.Person$PersonBuilder(),examples.builderPattern.BuilderPatternTest.testBuilderPattern()
examples.controlFlow.TestClass_ControlFlow.inlineDoWhile(int),examples.controlFlow.ControlFlowTest.inlineDoWhile()
examples.complexTests.TestClass_ComplexTests.factorial(long),examples.complexTests.ComplexTests.moreOneConstructor(),examples.complexTests.ComplexTests.moreOneConstructorAndStaticMethod()
examples.controlFlow.TestClass_ControlFlow.tryCatchMethod_try(),examples.controlFlow.ControlFlowTest.tryCatchTest1()
examples.overloadedMethod.OverloadClass.overloadedMethod(),examples.overloadedMethod.OverloadTest.testOverloadedMethod()
examples.polymorphism.ClassInterface.testClassParam(ClassInterface),examples.polymorphism.PolymorphismTest.testParam()
examples.polymorphism.ClassInterface.interfaceMethod(),examples.polymorphism.PolymorphismTest.testInterface()
examples.builderPattern.Person$PersonBuilder.build(),examples.builderPattern.BuilderPatternTest.testBuilderPattern()
examples.invokedMethodsByTestedInvokers.InvokedMethodsByTestedInvoker_Class(boolean),examples.invokedMethodsByTestedInvokers.InvokedMethodsByTestedInvoker_Test.T(),examples.invokedMethodsByTestedInvokers.InvokedMethodsByTestedInvoker_Test.T2()
examples.builderPattern.Person$PersonBuilder.lastName(String),examples.builderPattern.BuilderPatternTest.testBuilderPattern()
examples.builderPattern.Person.print(),examples.builderPattern.BuilderPatternTest.testBuilderPattern()
examples.builderPattern.Person$PersonBuilder.firstName(String),examples.builderPattern.BuilderPatternTest.testBuilderPattern()
examples.builderPattern.Person$PersonBuilder.email(String),examples.builderPattern.BuilderPatternTest.testBuilderPattern()
examples.chainedCalls.Calculator.mult(float),examples.chainedCalls.ChainedCalls.testChainedMethods()
examples.others.auxClasses.AuxClass.factorial(int),examples.junit5.ParameterizedTestAnnotation.test1()
examples.complexTests.TestClass_ComplexTests(),examples.complexTests.ComplexTests.moreOneConstructor(),examples.complexTests.ComplexTests.moreOneConstructorAndStaticMethod()
examples.overloadedMethod.OverloadClass(),examples.overloadedMethod.OverloadTest.testOverloadedMethod(),examples.overloadedMethod.OverloadTest.testOverloadedMethod2()
examples.controlFlow.TestClass_ControlFlow.tryCatchMethod_catch(),examples.controlFlow.ControlFlowTest.tryCatchTest2()
examples.chainedCalls.Calculator.setNumber(float),examples.chainedCalls.ChainedCalls.testChainedMethods()
examples.controlFlow.TestClass_ControlFlow.ifElseMethod(int),examples.controlFlow.ControlFlowTest.ifElseTest2(),examples.controlFlow.ControlFlowTest.ifElseTest3(),examples.controlFlow.ControlFlowTest.ifElseTest_earlyReturn(),examples.controlFlow.ControlFlowTest.ifElseTest()
examples.controlFlow.TestClass_ControlFlow(),examples.controlFlow.ControlFlowTest.inlineWhile(),examples.controlFlow.ControlFlowTest.ifElseTest2(),examples.controlFlow.ControlFlowTest.ifElseTest3(),examples.controlFlow.ControlFlowTest.inlineDoWhile(),examples.controlFlow.ControlFlowTest.switchCaseTest(),examples.controlFlow.ControlFlowTest.inlineIfElse(),examples.controlFlow.ControlFlowTest.ifElseTest_earlyReturn(),examples.controlFlow.ControlFlowTest.doWhileTest(),examples.controlFlow.ControlFlowTest.tryCatchTest1(),examples.controlFlow.ControlFlowTest.tryCatchTest2(),examples.controlFlow.ControlFlowTest.ifElseTest()
examples.controlFlow.TestClass_ControlFlow.doWhileMethod(int, int),examples.controlFlow.ControlFlowTest.doWhileTest()
examples.chainedCalls.Calculator.sub(float),examples.chainedCalls.ChainedCalls.testChainedMethods()
examples.complexTests.TestClass_ComplexTests.factorial_constructor(),examples.complexTests.ComplexTests.testForConstructorAndMethod()
examples.controlFlow.TestClass_ControlFlow.switchCaseMethod(char),examples.controlFlow.ControlFlowTest.switchCaseTest()
examples.complexTests.TestClass_ComplexTests(boolean),examples.complexTests.ComplexTests.moreOneConstructor(),examples.complexTests.ComplexTests.moreOneConstructorAndStaticMethod()
