examples.others.auxClasses.AuxClass.parseLetters_withInternalCall(char[]);examples.others.OthersTest.testInternalCall()
examples.others.auxClasses.AuxClass(int);examples.others.SimpleTestPath.simpleTestPath();examples.others.SimpleTestPath_Example.simpleTestPath();examples.others.auxClasses.AuxClass(int);examples.others.MultiargsTest.methodCallMultLineArgsWithBrokenLines();examples.others.OthersTest.testParamSignature_object()
auxfiles.AuxClass.testObjParam(Object);auxfiles.Others.testParamSignature_object()
examples.others.auxClasses.AuxClass.test2();examples.others.OthersTest.testEmptyTest()
auxfiles.AuxClass(int);auxfiles.Others.testParamSignature_object()
examples.others.auxClasses.AuxClass.parseLetters_noInternalCall(CharSequence);examples.others.OthersTest.testStaticMethod_charSequence()
examples.others.auxClasses.AuxClass.factorial(int);examples.others.SimpleTestPath.simpleTestPath();examples.others.SimpleTestPath_Example.simpleTestPath();examples.others.OthersTest.testingMultipleMethods();examples.others.OthersTest.testMethodWithAuxMethods();examples.others.OthersTest.testFactorial();examples.others.OthersTest.testFactorial_zero()
examples.others.auxClasses.AuxClass.fibonacci(int);examples.others.OthersTest.testingMultipleMethods();examples.others.OthersTest.testMethodWithAuxMethods();examples.others.OthersTest.testFibonacci()
examples.others.auxClasses.AuxClass.getNumber();examples.others.OthersTest.onlyOneMethod()
examples.others.auxClasses.AuxClass.testObjParam(Object);examples.others.OthersTest.testParamSignature_object()
examples.others.auxClasses.AuxClass.anonymousObjectReturn();examples.others.OthersTest.anonymousObjectReturn()
examples.others.auxClasses.AuxClass.identity(int, int, int, int, int);examples.others.MultiargsTest.methodCallMultLineArgsWithBrokenLines();examples.others.MultiargsTest.methodCallMultiLineArgsTest()
